{
  "postcss.config.js": 1777755024.5816593,
  "eslint.config.js": 1777754590.0546882,
  "tailwind.config.ts": 1777754553.8611073,
  "vite.config.ts": 1777764841.0592635,
  "scripts/obsidian-to-mdx.js": 1777756953.3906035,
  "src/main.tsx": 1777754367.2267015,
  "src/mdx.d.ts": 1777757652.3768187,
  "src/App.tsx": 1777793670.7890296,
  "src/tracks/mandarin.ts": 1777788476.624077,
  "src/tracks/projects.ts": 1777788581.238529,
  "src/tracks/index.ts": 1777788597.6345997,
  "src/tracks/english.ts": 1777788457.9769964,
  "src/tracks/cs-ai.ts": 1777787707.5597432,
  "src/tracks/aws-mla.ts": 1777787737.8788753,
  "src/tracks/types.ts": 1777764812.1767993,
  "src/lib/useDarkMode.ts": 1777757004.8244288,
  "src/lib/useGamification.ts": 1777788503.1701918,
  "src/lib/useUnifiedProgress.ts": 1777792878.9904957,
  "src/lib/achievements.ts": 1777788197.5598717,
  "src/lib/useProgress.ts": 1777754642.1045232,
  "src/lib/notebooklm-context.tsx": 1777754636.1554277,
  "src/content/index.ts": 1777761000.415535,
  "src/components/BadgeShelf.tsx": 1777788368.3296094,
  "src/components/SearchBar.tsx": 1777764776.1022193,
  "src/components/TrackPhaseView.tsx": 1777792568.296109,
  "src/components/DeliverableList.tsx": 1777792680.1376083,
  "src/components/GamificationHeader.tsx": 1777793033.3951848,
  "src/components/RoadmapTree.tsx": 1777764802.469643,
  "src/components/TrackSelector.tsx": 1777792550.9160314,
  "src/components/DailyQuests.tsx": 1777788352.0845392,
  "src/components/InteractiveCodeBlock.tsx": 1777757101.9889877,
  "src/components/NotebookLMModuleCard.tsx": 1777755539.4039185,
  "src/components/StreakBadge.tsx": 1777788324.4774199,
  "src/components/XPProgressBar.tsx": 1777788338.8124819,
  "src/components/ResourceTable.tsx": 1777760950.491734,
  "src/components/DarkModeToggle.tsx": 1777757009.7995086,
  "src/components/LearningMap.tsx": 1777788661.7878768,
  "src/components/CheckpointCallout.tsx": 1777760957.4998465,
  "src/components/RelatedModules.tsx": 1777788616.8536828,
  "src/data/curriculum.ts": 1777784071.6874259,
  "DESIGN.md": 1777792290.3438685,
  "DESIGN_IMPROVEMENTS.md": 1777793713.3302195,
  "README.md": 1777796332.6926255,
  "CONTEXT.md": 1777789116.8498425,
  "ROADMAP.md": 1777793758.22342,
  "CLAUDE.md": 1777757778.6388445,
  "graphify-out/GRAPH_REPORT.md": 1777866799.840024,
  "public/icons.svg": 1777754367.2253723,
  "public/favicon.svg": 1777754367.2251496,
  "src/assets/react.svg": 1777754367.2261221,
  "src/assets/hero.png": 1777754367.2260218,
  "src/assets/vite.svg": 1777754367.2262387
}